Patient ID ,Age,Gender,Smoking History,CT Scan Date,Tumor Size in mm,Tumor Location,Diagnosis,Treatment,Follow-up Status,Survival Status,Tumor Stage
1,55,Male,Heavy,1/15/2022,35, Upper lobe, Cancer,Surgery,Completed,Alive,Stage II
2,77,Female,Moderate,1/16/2022,20,Lower lobe , No Cancer,None,Good,Alive,Stage 0
3,60,Female,Light,1/17/2022,38,Lower lobe ,Cancer,Radiation,Ongoing,Deceased,Stage III
4,45,Male,Non-Smoker,1/18/2022,62,Upper lobe  ,Cancer,Radiation,Completed,Alive,Stage I
5,58,Male,Non-Smoker,1/19/2022,57,Lower lobe ,Cancer,Chemotherapy,Completed,Alive,Stage I
6,40,Male,Light,1/20/2022,47,Upper lobe  ,No Cancer,None,Good,Alive,Stage I
7,30,Female,Heavy,1/21/2022,59,Upper lobe  ,No Cancer,None,Good,Alive,Stage I
8,52,Male,Heavy,1/22/2022,65,Lower lobe ,No Cancer,None,Good,Alive,Stage II
9,84,Female,Heavy,1/23/2022,77,Upper lobe  ,Cancer,Chemotherapy,Ongoing,Deceased,Stage III
10,57,Female,Moderate,1/24/2022,45,Upper lobe  ,No Cancer,None,Good,Alive,Stage III
11,59,Male,Light,1/25/2022,30,Lower lobe ,Cancer,Surgery,Completed,Deceased,Stage II
12,65,Male,Non-Smoker,1/26/2022,52,Lower lobe ,Cancer,Surgery,Ongoing,Deceased,Stage II
13,62,Male,Non-Smoker,1/27/2022,43,Upper lobe  ,Cancer,Surgery,Ongoing,Deceased,Stage 1
14,85,Female,Light,1/28/2022,17,Upper lobe  ,No Cancer,None,Good,Alive,Stage III
15,72,Male,Heavy,1/29/2022,80,Upper lobe  ,Cancer,Radiation,Ongoing,Alive,Stage I
16,90,Male,Heavy,1/30/2022,63,Upper lobe  ,No Cancer,None,Good,Alive,Stage I
17,84,Female,Heavy,1/31/2022,70,Lower lobe ,Cancer,Surgery,Completed,Deceased,Stage I
18,54,Female,Moderate,2/1/2022,76,Lower lobe ,Cancer,Surgery,Ongoing,Deceased,Stage I
19,75,Male,Light,2/2/2022,83,Upper lobe  ,Cancer,Surgery,Ongoing,Deceased,Stage II
20,80,Male,Heavy,2/3/2022,70, Upper lobe, Cancer,Surgery,Completed,Alive,Stage III
21,45,Female,Moderate,2/4/2022,71,Lower lobe , No Cancer,None,Good,Alive,Stage III
22,75,Female,Light,2/5/2022,73,Lower lobe ,Cancer,Radiation,Ongoing,Deceased,Stage II
23,84,Male,Non-Smoker,2/6/2022,74,Upper lobe  ,Cancer,Radiation,Completed,Alive,Stage II
24,5,Male,Non-Smoker,2/7/2022,76,Lower lobe ,Cancer,Chemotherapy,Completed,Alive,Stage 2
25,48,Male,Light,2/8/2022,78,Upper lobe  ,No Cancer,None,Good,Alive,Stage III
26,72,Female,Heavy,2/9/2022,79,Upper lobe  ,No Cancer,None,Good,Alive,Stage I
27,21,Male,Heavy,2/10/2022,81,Lower lobe ,No Cancer,None,Good,Alive,Stage I
28,30,Female,Heavy,2/11/2022,82,Upper lobe  ,Cancer,Chemotherapy,Ongoing,Deceased,Stage I
29,45,Female,Moderate,2/12/2022,84,Upper lobe  ,No Cancer,None,Good,Alive,Stage I
30,78,Male,Light,2/13/2022,86,Lower lobe ,Cancer,Surgery,Completed,Deceased,Stage II
31,95,Male,Non-Smoker,2/14/2022,87,Lower lobe ,Cancer,Surgery,Ongoing,Deceased,Stage III
32,46,Male,Non-Smoker,2/15/2022,89,Upper lobe  ,Cancer,Surgery,Ongoing,Deceased,Stage III
33,45,Female,Light,2/16/2022,90,Upper lobe  ,No Cancer,None,Good,Alive,Stage II
34,24,Male,Heavy,2/17/2022,92,Upper lobe  ,Cancer,Radiation,Ongoing,Alive,Stage II
35,28,Male,Heavy,2/18/2022,94,Upper lobe  ,No Cancer,None,Good,Alive,Stage 3
36,30,Female,Heavy,2/19/2022,95,Lower lobe ,Cancer,Surgery,Completed,Deceased,Stage III
37,90,Female,Moderate,2/20/2022,97,Lower lobe ,Cancer,Surgery,Ongoing,Deceased,Stage I
38,43,Male,Light,2/21/2022,98,Upper lobe  ,Cancer,Surgery,Ongoing,Deceased,Stage I
39,78,Male,Heavy,2/22/2022,100, Upper lobe, Cancer,Surgery,Completed,Alive,Stage I
40,70,Female,Moderate,2/23/2022,101,Lower lobe , No Cancer,None,Good,Alive,Stage I
41,60,Female,Light,2/24/2022,103,Lower lobe ,Cancer,Radiation,Ongoing,Deceased,Stage II
42,50,Male,Non-Smoker,2/25/2022,105,Upper lobe  ,Cancer,Radiation,Completed,Alive,Stage III
43,40,Male,Non-Smoker,2/26/2022,106,Lower lobe ,Cancer,Chemotherapy,Completed,Alive,Stage III
44,30,Male,Light,2/27/2022,108,Upper lobe  ,No Cancer,None,Good,Alive,Stage II
45,20,Female,Heavy,2/28/2022,109,Upper lobe  ,No Cancer,None,Good,Alive,Stage II
46,70,Male,Heavy,3/1/2022,111,Lower lobe ,No Cancer,None,Good,Alive,Stage 4
47,80,Female,Heavy,3/2/2022,113,Upper lobe  ,Cancer,Chemotherapy,Ongoing,Deceased,Stage III
48,46,Female,Moderate,3/3/2022,114,Upper lobe  ,No Cancer,None,Good,Alive,Stage I
49,42,Male,Light,3/4/2022,116,Lower lobe ,Cancer,Surgery,Completed,Deceased,Stage I
50,54,Male,Non-Smoker,3/5/2022,117,Lower lobe ,Cancer,Surgery,Ongoing,Deceased,Stage I
51,74,Male,Non-Smoker,3/6/2022,119,Upper lobe  ,Cancer,Surgery,Ongoing,Deceased,Stage I
52,41,Female,Light,3/7/2022,121,Upper lobe  ,No Cancer,None,Good,Alive,Stage II
53,43,Male,Heavy,3/8/2022,122,Upper lobe  ,Cancer,Radiation,Ongoing,Alive,Stage III
54,54,Male,Heavy,3/9/2022,124,Upper lobe  ,No Cancer,None,Good,Alive,Stage III
55,95,Female,Heavy,3/10/2022,125,Lower lobe ,Cancer,Surgery,Completed,Deceased,Stage II
56,46,Female,Moderate,3/11/2022,127,Lower lobe ,Cancer,Surgery,Ongoing,Deceased,Stage II
57,43,Male,Light,3/12/2022,129,Upper lobe  ,Cancer,Surgery,Ongoing,Deceased,Stage 5
58,74,Male,Heavy,3/13/2022,130, Upper lobe, Cancer,Surgery,Completed,Alive,Stage III
59,84,Female,Moderate,3/14/2022,132,Lower lobe , No Cancer,None,Good,Alive,Stage I
60,54,Female,Light,3/15/2022,133,Lower lobe ,Cancer,Radiation,Ongoing,Deceased,Stage I
61,57,Male,Non-Smoker,3/16/2022,135,Upper lobe  ,Cancer,Radiation,Completed,Alive,Stage I
62,53,Male,Non-Smoker,3/17/2022,137,Lower lobe ,Cancer,Chemotherapy,Completed,Alive,Stage I
63,24,Male,Light,3/18/2022,138,Upper lobe  ,No Cancer,None,Good,Alive,Stage II
64,71,Female,Heavy,3/19/2022,140,Upper lobe  ,No Cancer,None,Good,Alive,Stage III
65,83,Male,Heavy,3/20/2022,141,Lower lobe ,No Cancer,None,Good,Alive,Stage III
66,33,Female,Heavy,3/21/2022,143,Upper lobe  ,Cancer,Chemotherapy,Ongoing,Deceased,Stage II
67,37,Female,Moderate,3/22/2022,145,Upper lobe  ,No Cancer,None,Good,Alive,Stage II
68,54,Male,Light,3/23/2022,146,Lower lobe ,Cancer,Surgery,Completed,Deceased,Stage 6
69,43,Male,Non-Smoker,3/24/2022,148,Lower lobe ,Cancer,Surgery,Ongoing,Deceased,Stage III
70,85,Male,Non-Smoker,3/25/2022,149,Upper lobe  ,Cancer,Surgery,Ongoing,Deceased,Stage I
71,46,Female,Light,3/26/2022,151,Upper lobe  ,No Cancer,None,Good,Alive,Stage I
72,79,Male,Heavy,3/27/2022,152,Upper lobe  ,Cancer,Radiation,Ongoing,Alive,Stage I
73,42,Male,Heavy,3/28/2022,154,Upper lobe  ,No Cancer,None,Good,Alive,Stage I
74,53,Female,Heavy,3/29/2022,156,Lower lobe ,Cancer,Surgery,Completed,Deceased,Stage II
75,84,Female,Moderate,3/30/2022,157,Lower lobe ,Cancer,Surgery,Ongoing,Deceased,Stage III
76,75,Male,Light,3/31/2022,159,Upper lobe  ,Cancer,Surgery,Ongoing,Deceased,Stage III
77,65,Male,Heavy,4/1/2022,160, Upper lobe, Cancer,Surgery,Completed,Alive,Stage II
78,69,Female,Moderate,4/2/2022,162,Lower lobe , No Cancer,None,Good,Alive,Stage II
79,42,Female,Light,4/3/2022,164,Lower lobe ,Cancer,Radiation,Ongoing,Deceased,Stage 7
80,34,Male,Non-Smoker,4/4/2022,165,Upper lobe  ,Cancer,Radiation,Completed,Alive,Stage III
81,35,Male,Non-Smoker,4/5/2022,167,Lower lobe ,Cancer,Chemotherapy,Completed,Alive,Stage I
82,38,Male,Light,4/6/2022,168,Upper lobe  ,No Cancer,None,Good,Alive,Stage I
83,40,Female,Heavy,4/7/2022,170,Upper lobe  ,No Cancer,None,Good,Alive,Stage I
84,30,Male,Heavy,4/8/2022,172,Lower lobe ,No Cancer,None,Good,Alive,Stage I
85,40,Female,Heavy,4/9/2022,173,Upper lobe  ,Cancer,Chemotherapy,Ongoing,Deceased,Stage II
86,45,Female,Moderate,4/10/2022,175,Upper lobe  ,No Cancer,None,Good,Alive,Stage III
87,65,Male,Light,4/11/2022,176,Lower lobe ,Cancer,Surgery,Completed,Deceased,Stage III
88,98,Male,Non-Smoker,4/12/2022,178,Lower lobe ,Cancer,Surgery,Ongoing,Deceased,Stage II
89,42,Male,Non-Smoker,4/13/2022,180,Upper lobe  ,Cancer,Surgery,Ongoing,Deceased,Stage II
90,75,Female,Light,4/14/2022,181,Upper lobe  ,No Cancer,None,Good,Alive,Stage 8
91,35,Male,Heavy,4/15/2022,183,Upper lobe  ,Cancer,Radiation,Ongoing,Alive,Stage III
92,61,Male,Heavy,4/16/2022,184,Upper lobe  ,No Cancer,None,Good,Alive,Stage I
93,45,Female,Heavy,4/17/2022,186,Lower lobe ,Cancer,Surgery,Completed,Deceased,Stage I
94,91,Female,Moderate,4/18/2022,188,Lower lobe ,Cancer,Surgery,Ongoing,Deceased,Stage I
95,75,Male,Light,4/19/2022,189,Upper lobe  ,Cancer,Surgery,Ongoing,Deceased,Stage I
96,65,Male,Heavy,4/20/2022,191, Upper lobe, Cancer,Surgery,Completed,Alive,Stage II
97,35,Female,Moderate,4/21/2022,192,Lower lobe , No Cancer,None,Good,Alive,Stage III
98,48,Female,Light,4/22/2022,194,Lower lobe ,Cancer,Radiation,Ongoing,Deceased,Stage III
99,35,Male,Non-Smoker,4/23/2022,195,Upper lobe  ,Cancer,Radiation,Completed,Alive,Stage II
100,75,Male,Non-Smoker,4/24/2022,197,Lower lobe ,Cancer,Chemotherapy,Completed,Alive,Stage II
101,51,Female,Moderate,4/25/2022,199,Lower lobe , No Cancer,None,Good,Alive,Stage 9
102,98,Female,Light,4/26/2022,200,Lower lobe ,Cancer,Radiation,Ongoing,Deceased,Stage III
103,45,Male,Non-Smoker,4/27/2022,202,Upper lobe  ,Cancer,Radiation,Completed,Alive,Stage I
104,62,Male,Non-Smoker,4/28/2022,203,Lower lobe ,Cancer,Chemotherapy,Completed,Alive,Stage I
105,45,Female,Moderate,4/29/2022,205,Lower lobe , No Cancer,None,Good,Alive,Stage I
106,75,Female,Light,4/30/2022,207,Lower lobe ,Cancer,Radiation,Ongoing,Deceased,Stage I
107,95,Male,Non-Smoker,5/1/2022,208,Upper lobe  ,Cancer,Radiation,Completed,Alive,Stage II
108,43,Male,Non-Smoker,5/2/2022,210,Lower lobe ,Cancer,Chemotherapy,Completed,Alive,Stage III
109,78,Female,Moderate,5/3/2022,211,Lower lobe , No Cancer,None,Good,Alive,Stage III
110,61,Female,Light,5/4/2022,213,Lower lobe ,Cancer,Radiation,Ongoing,Deceased,Stage II
